{
  "id": "e2a14d45-fa6f-4629-840f-3f310bd4d208",
  "generation": 4,
  "iteration": 0,
  "current_iteration": 18,
  "metrics": {
    "validity": 1.0,
    "sum_radii": 1.9103635208899892,
    "target_ratio": 0.724995643601514,
    "combined_score": 0.724995643601514,
    "eval_time": 0.5990488529205322
  },
  "language": "python",
  "timestamp": 1755352757.1555982,
  "saved_at": "2025-08-16 22:00:57"
}