{
  "id": "45ba2d10-02b7-4f2b-91fe-5389ee250b65",
  "generation": 1,
  "iteration": 0,
  "current_iteration": 2,
  "metrics": {
    "validity": 1.0,
    "sum_radii": 1.5597642169962067,
    "target_ratio": 0.5919408793154485,
    "combined_score": 0.5919408793154485,
    "eval_time": 0.14082813262939453
  },
  "language": "python",
  "timestamp": 1755352574.4283662,
  "saved_at": "2025-08-16 21:58:59"
}