{
  "id": "bf57978c-d12a-4d97-817c-4738f57050fa",
  "generation": 30,
  "iteration": 0,
  "current_iteration": 28,
  "metrics": {
    "validity": 1.0,
    "sum_radii": 1.9114462295305013,
    "target_ratio": 0.7254065387212529,
    "combined_score": 0.7254065387212529,
    "eval_time": 0.15336894989013672
  },
  "language": "python",
  "timestamp": 1755353743.715965,
  "saved_at": "2025-08-16 22:15:54"
}